{
  "config": {
    "runs": [
      "logs/optimizer/ga_2p.jsonl",
      "logs/optimizer/ga_3p.jsonl"
    ],
    "score_threshold": 1.2,
    "k": 3,
    "config": "default_config.yaml",
    "removal_direction": "cheapest",
    "out_dir": "report/figures/novelty",
    "seed": 0
  },
  "pool_size_total": 318,
  "min_pairwise_distance": 4.688013974568092,
  "chosen": [
    {
      "label": "novelty_1",
      "source": "ga_2p#19",
      "score": 1.1826693463362858,
      "metrics": {
        "mean_fairness": 0.5000000000000001,
        "max_fairness": 1.0,
        "mean_rounds": 39.01,
        "mean_draw_rate": 0.0,
        "mean_transfer_rate": 102.58422655653975,
        "length_penalty": 0.3498333333333334,
        "transfer_penalty": 0.025842265565397468
      },
      "kept_props": 8,
      "vec": [
        1.3860720978573047,
        1.493191384937361,
        1.1818926963806886,
        0.6646708054266606,
        0.9443839325590143,
        1.2664407183821753,
        1.2457474476089805,
        0.865492081824409,
        1.7379523372502879,
        1.14997000398056,
        1.7681841877410203,
        0.8982389454972672,
        1.912909378809695,
        0.6677860196018377,
        1.6537737357721334,
        0.530279679514579,
        0.8544809953122665,
        1.80582995646529,
        1.0251574997169308,
        1.8987192395881791,
        1.894125500934285,
        1.700288865340258,
        1.0941581738372235,
        1.7874027551539662,
        1.185656505393229,
        0.6892582926284417,
        1.7779375533787674,
        1.7243700566328437,
        0.7033481606784565,
        1.7997897754676868,
        1.278444579655627,
        1.6153861377682641,
        0.9022640311994892,
        0.8231922257324744,
        1.772469222361517,
        1.4003206970878959,
        0.7215581984129773,
        1.04880512937756,
        1.788553727332193,
        1.2024253725712197,
        1.00527934341859,
        1.0114307973260463,
        1.7369663033509517,
        1.181448541309685,
        0.0,
        1.0,
        1.0,
        0.0,
        1.0,
        1.0,
        0.0,
        0.0,
        0.0,
        1.0,
        0.0,
        0.0,
        0.0,
        0.0,
        1.0,
        0.0,
        1.0,
        1.0,
        0.0,
        0.0,
        0.0,
        0.0
      ]
    },
    {
      "label": "novelty_2",
      "source": "ga_2p#49",
      "score": 0.982589324712126,
      "metrics": {
        "mean_fairness": 0.38,
        "max_fairness": 1.0,
        "mean_rounds": 60.36,
        "mean_draw_rate": 0.0,
        "mean_transfer_rate": 66.80355842929134,
        "length_penalty": 0.005999999999999991,
        "transfer_penalty": 0.33196441570708657
      },
      "kept_props": 16,
      "vec": [
        0.9632860440788915,
        0.9047551782512002,
        1.7946803062839767,
        1.8219607591065348,
        1.266059758315468,
        1.7304616915414337,
        1.9923760222413767,
        0.6784477436217764,
        0.5488585247219164,
        1.4354258654350136,
        1.066195147298651,
        0.523119764181743,
        1.3461980900267903,
        1.8885718658216282,
        1.6499910235703514,
        1.7910521143215166,
        1.008279114264748,
        0.7168343691831588,
        1.5050927739724038,
        1.5826914625605688,
        0.7967317686763252,
        1.5339526053952763,
        1.033455629572679,
        1.3421011513253345,
        1.627309531412587,
        0.7911946593361904,
        1.907039479456706,
        0.554094457691334,
        1.1551892487476878,
        1.784857536415967,
        1.3570934006836617,
        0.5096133239964653,
        1.160521838465275,
        1.9673985707602186,
        0.8770379893254401,
        0.9795224544239975,
        0.7812615735916774,
        1.7095404793624642,
        0.7926610976852075,
        1.8292623948684517,
        1.4033587645694388,
        1.9436346396865716,
        0.7166872733997534,
        1.2499592354879279,
        1.0,
        1.0,
        0.0,
        0.0,
        1.0,
        0.0,
        1.0,
        1.0,
        1.0,
        1.0,
        1.0,
        1.0,
        1.0,
        0.0,
        1.0,
        1.0,
        1.0,
        0.0,
        1.0,
        1.0,
        0.0,
        1.0
      ]
    },
    {
      "label": "novelty_3",
      "source": "ga_2p#156",
      "score": 1.0188351407770644,
      "metrics": {
        "mean_fairness": 0.39,
        "max_fairness": 1.0,
        "mean_rounds": 54.85,
        "mean_draw_rate": 0.01,
        "mean_transfer_rate": 72.36050862986741,
        "length_penalty": 0.0858333333333333,
        "transfer_penalty": 0.2763949137013259
      },
      "kept_props": 12,
      "vec": [
        1.8729859401676487,
        0.7932237694648945,
        0.610344357995948,
        0.567946137738888,
        1.803281441520979,
        1.7617630273174514,
        1.232213409626672,
        1.2139173051504901,
        0.8874116001163053,
        0.7342032220860385,
        1.6087434295680956,
        1.5923956152874956,
        1.2612047908167907,
        2.0,
        1.4905289411197014,
        1.3681377549852538,
        1.9048491252114408,
        1.7122051277203523,
        0.7471739780990052,
        1.8153993399935162,
        1.7258185010792473,
        1.9445287101864008,
        1.7013755549129135,
        1.2218907448629028,
        1.7203010962694532,
        1.4100387601108255,
        1.4826815959870703,
        1.8636626439669504,
        0.5979056246169371,
        1.9151958572416412,
        1.0727221699493583,
        0.9883184241510566,
        1.9910401568149765,
        1.6717857531145672,
        0.6011355807264044,
        1.0143959702606262,
        1.7764557870888074,
        1.1396497626293347,
        0.9411145402524266,
        1.683731935557719,
        1.3858533434650742,
        0.9834300871097477,
        1.547022060349064,
        1.0318565241621396,
        1.0,
        0.0,
        1.0,
        1.0,
        0.0,
        1.0,
        1.0,
        1.0,
        1.0,
        0.0,
        0.0,
        1.0,
        0.0,
        1.0,
        0.0,
        0.0,
        0.0,
        0.0,
        1.0,
        1.0,
        1.0,
        0.0
      ]
    }
  ]
}