{
  "iter": 15,
  "vec": [
    1.9155166478437817,
    0.8277913957091578,
    1.2682604867566025,
    0.5360198010070238,
    0.7450521367054342,
    1.825128100450343,
    1.708271448486988,
    1.5942448414759975,
    1.240264921531338,
    1.3366213739319597,
    0.5,
    1.569490446406881,
    1.786106414881354,
    1.4690675353495322,
    1.4170080264128018,
    0.6105746489368062,
    1.7947683835248298,
    1.3615670721468978,
    0.9028860669931181,
    1.9880348428721675,
    1.947006164266704,
    0.7280118537838056,
    1.5059366220404455,
    1.6173351916388283,
    1.4464722006033288,
    0.9688934706517569,
    1.696526243649227,
    1.851662140134255,
    1.012613975309203,
    0.8584155675369209,
    1.7326880040953219,
    1.265928103636557,
    0.7026447575336168,
    0.948945309986553,
    1.2880314837135889,
    0.526837131345463,
    1.314554936175147,
    0.7866654101901123,
    1.9632994676402307,
    1.0429308090798481,
    1.1781331824906627,
    1.0919896956064399,
    0.8484672129282964,
    1.7365415368948998,
    1.0,
    1.0,
    0.0,
    1.0,
    0.0,
    0.0,
    1.0,
    0.0,
    0.0,
    1.0,
    1.0,
    1.0,
    1.0,
    1.0,
    0.0,
    0.0,
    0.0,
    1.0,
    0.0,
    0.0,
    0.0,
    1.0
  ],
  "score": 0.4649296432764581,
  "metrics": {
    "mean_fairness": 0.19999999999999996,
    "max_fairness": 0.19999999999999996,
    "mean_rounds": 43.6,
    "mean_draw_rate": 0.0,
    "mean_transfer_rate": 90.57900779673616,
    "length_penalty": 0.2733333333333333,
    "transfer_penalty": 0.09420992203263837,
    "per_game_rounds": [
      53,
      40,
      52,
      41,
      32
    ],
    "per_game_winner": [
      "LLM_p0",
      "LLM_p1",
      "LLM_p1",
      "LLM_p0",
      "LLM_p1"
    ]
  },
  "gen": 2,
  "slot": 3
}