{
  "configs": {
    "runs": [
      "logs/optimizer_llm/llm_ga_2p/evals.jsonl"
    ],
    "vec": null,
    "identity": false,
    "config": "default_config.yaml",
    "pool": "optimizer/strategy_pool.json",
    "n_games": 1000,
    "n_matchups": 10,
    "base_seed": 42,
    "matchup_seed": 1234,
    "max_turns": 200,
    "removal_direction": "cheapest",
    "w_fair": 1.0,
    "w_fmax": 0.5,
    "w_len": 0.5,
    "w_draw": 0.3,
    "w_money": 0.3,
    "target_rounds": 60.0,
    "target_transfer": 100.0,
    "out": "logs/optimizer/cross_eval_llm_ga_winner.json"
  },
  "results": [
    {
      "design": "evals_best",
      "source": "logs/optimizer_llm/llm_ga_2p/evals.jsonl",
      "n_players": 2,
      "score": 1.0448533265061635,
      "metrics": {
        "mean_fairness": 0.37899999999999995,
        "max_fairness": 0.99,
        "mean_rounds": 45.933,
        "mean_draw_rate": 0.003,
        "mean_transfer_rate": 82.42389116461213,
        "length_penalty": 0.23445,
        "transfer_penalty": 0.1757610883538787
      },
      "per_matchup": [
        {
          "fairness": 0.39999999999999997,
          "draw_rate": 0.0,
          "mean_rounds": 45.65,
          "transfer_rate": 88.9807115117285,
          "n_games": 100,
          "win_rates": {
            "CashHoarder": 0.3,
            "Passive": 0.7
          },
          "win_rates_ci": {
            "CashHoarder": [
              0.21894753866228117,
              0.39585038432811953
            ],
            "Passive": [
              0.6041496156718804,
              0.7810524613377188
            ]
          }
        },
        {
          "fairness": 0.48,
          "draw_rate": 0.0,
          "mean_rounds": 42.44,
          "transfer_rate": 81.86487080991657,
          "n_games": 100,
          "win_rates": {
            "AggressiveBuilder": 0.74,
            "CashHoarder": 0.26
          },
          "win_rates_ci": {
            "AggressiveBuilder": [
              0.6462882736813838,
              0.8159542187301354
            ],
            "CashHoarder": [
              0.18404578126986462,
              0.35371172631861636
            ]
          }
        },
        {
          "fairness": 0.42999999999999994,
          "draw_rate": 0.01,
          "mean_rounds": 49.31,
          "transfer_rate": 79.13308467277045,
          "n_games": 100,
          "win_rates": {
            "AggressiveBuilder": 0.71,
            "RiskAverse": 0.28
          },
          "win_rates_ci": {
            "AggressiveBuilder": [
              0.6146092505999207,
              0.7898529302601586
            ],
            "RiskAverse": [
              0.2013955916759837,
              0.37488212361345724
            ]
          }
        },
        {
          "fairness": 0.99,
          "draw_rate": 0.01,
          "mean_rounds": 55.24,
          "transfer_rate": 85.20695561784187,
          "n_games": 100,
          "win_rates": {
            "RailroadKing": 0.0,
            "HighCostOnly": 0.99
          },
          "win_rates_ci": {
            "RailroadKing": [
              0.0,
              0.03699480747600191
            ],
            "HighCostOnly": [
              0.9455124752390653,
              0.9982326134344526
            ]
          }
        },
        {
          "fairness": 0.47,
          "draw_rate": 0.01,
          "mean_rounds": 45.05,
          "transfer_rate": 83.21664942002148,
          "n_games": 100,
          "win_rates": {
            "CashHoarder": 0.26,
            "Trader": 0.73
          },
          "win_rates_ci": {
            "CashHoarder": [
              0.18404578126986462,
              0.35371172631861636
            ],
            "Trader": [
              0.6356769977376873,
              0.8073053908233518
            ]
          }
        },
        {
          "fairness": 0.020000000000000018,
          "draw_rate": 0.0,
          "mean_rounds": 31.26,
          "transfer_rate": 74.33443180203561,
          "n_games": 100,
          "win_rates": {
            "AggressiveBuilder": 0.49,
            "Bully": 0.51
          },
          "win_rates_ci": {
            "AggressiveBuilder": [
              0.39421830092386145,
              0.5865215952256586
            ],
            "Bully": [
              0.4134784047743415,
              0.6057816990761385
            ]
          }
        },
        {
          "fairness": 0.06000000000000005,
          "draw_rate": 0.0,
          "mean_rounds": 46.67,
          "transfer_rate": 85.83099479740504,
          "n_games": 100,
          "win_rates": {
            "LowCostOnly": 0.47,
            "Bully": 0.53
          },
          "win_rates_ci": {
            "LowCostOnly": [
              0.3751065198210374,
              0.5671131686275227
            ],
            "Bully": [
              0.4328868313724773,
              0.6248934801789626
            ]
          }
        },
        {
          "fairness": 0.15999999999999998,
          "draw_rate": 0.0,
          "mean_rounds": 48.57,
          "transfer_rate": 80.3004597214717,
          "n_games": 100,
          "win_rates": {
            "Trader": 0.58,
            "Sampled_10": 0.42
          },
          "win_rates_ci": {
            "Trader": [
              0.48206307998895276,
              0.672017750814887
            ],
            "Sampled_10": [
              0.32798224918511304,
              0.5179369200110473
            ]
          }
        },
        {
          "fairness": 0.30000000000000004,
          "draw_rate": 0.0,
          "mean_rounds": 47.08,
          "transfer_rate": 84.3215346052786,
          "n_games": 100,
          "win_rates": {
            "RiskAverse": 0.35,
            "Sampled_05": 0.65
          },
          "win_rates_ci": {
            "RiskAverse": [
              0.2636410465347802,
              0.4474573957080203
            ],
            "Sampled_05": [
              0.5525426042919797,
              0.7363589534652197
            ]
          }
        },
        {
          "fairness": 0.48,
          "draw_rate": 0.0,
          "mean_rounds": 48.06,
          "transfer_rate": 81.04921868765133,
          "n_games": 100,
          "win_rates": {
            "Sampled_01": 0.26,
            "Sampled_17": 0.74
          },
          "win_rates_ci": {
            "Sampled_01": [
              0.18404578126986462,
              0.35371172631861636
            ],
            "Sampled_17": [
              0.6462882736813838,
              0.8159542187301354
            ]
          }
        }
      ],
      "n_games": 1000
    },
    {
      "design": "evals_best",
      "source": "logs/optimizer_llm/llm_ga_2p/evals.jsonl",
      "n_players": 3,
      "score": 1.0154388845210771,
      "metrics": {
        "mean_fairness": 0.404,
        "max_fairness": 0.64,
        "mean_rounds": 47.146,
        "mean_draw_rate": 0.008,
        "mean_transfer_rate": 160.64073928480352,
        "length_penalty": 0.21423333333333333,
        "transfer_penalty": 0.6064073928480351
      },
      "per_matchup": [
        {
          "fairness": 0.29,
          "draw_rate": 0.02,
          "mean_rounds": 47.46,
          "transfer_rate": 153.20493097388754,
          "n_games": 100,
          "win_rates": {
            "AggressiveBuilder": 0.33,
            "CashHoarder": 0.18,
            "Passive": 0.47
          },
          "win_rates_ci": {
            "AggressiveBuilder": [
              0.24562983793895452,
              0.4269483966028862
            ],
            "CashHoarder": [
              0.11700131654251038,
              0.26667536024213084
            ],
            "Passive": [
              0.3751065198210374,
              0.5671131686275227
            ]
          }
        },
        {
          "fairness": 0.5,
          "draw_rate": 0.01,
          "mean_rounds": 46.88,
          "transfer_rate": 158.64551047094966,
          "n_games": 100,